trade_date,ticker,pct_return
2024-08-08,AAPL,0.016633201720601676
2024-08-09,AAPL,0.013735848261558825
2024-08-12,AAPL,0.00712992406510593
2024-08-13,AAPL,0.017193107011582276
2024-08-14,AAPL,0.0020337303827382414
2024-08-15,AAPL,0.013530569226876787
2024-08-16,AAPL,0.00591858949906654
2024-08-19,AAPL,-0.0007080295763356448
2024-08-20,AAPL,0.0027448354497281446
2024-08-21,AAPL,-0.00048554004860423827
2024-08-22,AAPL,-0.008259820173280863
2024-08-23,AAPL,0.010288105431222272
2024-08-26,AAPL,0.0014988911986750786
2024-08-27,AAPL,0.0037414505419013366
2024-08-28,AAPL,-0.006753463784521796
2024-08-29,AAPL,0.014570203763614176
2024-08-30,AAPL,-0.003437973805193839
2024-09-03,AAPL,-0.027205147556289666
2024-09-04,AAPL,-0.008618831166859464
2024-09-05,AAPL,0.006927847503684692
