trade_date,ticker,open_price,high_price,low_price,close_price,volume
2024-08-07,AAPL,205.12314519344287,211.8052677945223,204.61753049861642,208.01808166503906,63516400
2024-08-08,AAPL,211.27980900719393,212.36044444161047,207.0365669160157,211.47808837890625,47161100
2024-08-09,AAPL,210.2784745623819,214.91827509282652,210.1495861717322,214.38291931152344,42201600
2024-08-12,AAPL,214.46232494953352,217.8767166928247,213.99582080224636,215.9114532470703,38028100
2024-08-13,AAPL,217.38044783379533,220.23902400333975,217.38044783379533,219.62364196777344,44155300
2024-08-14,AAPL,218.92885985517657,221.37054778476931,218.06532277692483,220.07029724121094,41960600
2024-08-15,AAPL,222.9288713384501,223.67329096872731,221.10255033510867,223.0479736328125,46414000
2024-08-16,AAPL,222.25394621007445,225.1422983120676,221.9859508745138,224.36810302734375,44340200
2024-08-19,AAPL,224.04051049270504,224.30850577318623,221.3804434072076,224.20924377441406,40687800
2024-08-20,AAPL,224.09017687092657,225.4797542015927,223.7725505409132,224.8246612548828,30299000
2024-08-21,AAPL,224.83461733532874,226.283745950568,223.37555343057218,224.7154998779297,34765500
2024-08-22,AAPL,226.09512887719345,226.64103964823346,222.23407290784718,222.85939025878906,43695300
2024-08-23,AAPL,223.98097823318813,226.52192810531062,222.66087229355688,225.15219116210938,38677300
2024-08-26,AAPL,225.07279660900764,225.58893181224732,222.22415556593285,225.4896697998047,30602200
2024-08-27,AAPL,224.31843379232603,227.14723425887112,223.21669220638537,226.3333282470703,35934600
2024-08-28,AAPL,226.22414704916858,228.14971479709,224.0008084384826,224.80479431152344,38052200
2024-08-29,AAPL,228.3879521456165,231.18696212304621,227.1770283167567,228.0802459716797,51906300
2024-08-30,AAPL,228.4772602189495,228.68568922028223,225.78741746908054,227.29611206054688,52990800
2024-09-03,AAPL,226.84948058831634,227.2961293418145,219.52438650802387,221.11248779296875,50190600
2024-09-04,AAPL,220.01072730838987,220.1298295937355,215.86182100754215,219.20675659179688,43840200
