trade_date,ticker,ma_short,ma_long,volatility_30d,var_95
2024-09-19,AAPL,219.8661128452846,221.32235361735027,0.012816213175206452,0.01884130518104605
2024-09-20,AAPL,220.65165274483817,221.82315368652343,0.012595376355749394,0.01884130518104605
2024-09-23,AAPL,221.17628696986608,222.16988728841145,0.012533029400942227,0.01884130518104605
2024-09-24,AAPL,221.86682346888952,222.49544728597004,0.01249870087657024,0.01884130518104605
2024-09-25,AAPL,223.29185485839844,222.664182027181,0.012184632887548471,0.01884130518104605
2024-09-26,AAPL,224.8133065359933,222.856076558431,0.012207671518936394,0.01884130518104605
2024-09-27,AAPL,225.8200443812779,222.95764821370443,0.011974220734840968,0.01884130518104605
2024-09-30,AAPL,226.40565272739954,223.18759002685547,0.01262032889885396,0.01884130518104605
2024-10-01,AAPL,226.12348066057478,223.19817810058595,0.01377464702445306,0.027518758861654717
2024-10-02,AAPL,226.16743905203683,223.2071105957031,0.013773239838165838,0.027518758861654717
2024-10-03,AAPL,225.92638942173548,223.1829574584961,0.013803539518712549,0.027518758861654717
2024-10-04,AAPL,225.98736136300224,223.25806070963543,0.013742694779368025,0.027518758861654717
2024-10-07,AAPL,225.16070120675224,223.0876714070638,0.014228290374226614,0.027518758861654717
2024-10-08,AAPL,224.87427847726005,223.04102121988933,0.014645682542599247,0.027518758861654717
2024-10-09,AAPL,224.3836713518415,223.09098052978516,0.01495085776535069,0.027518758861654717
2024-10-10,AAPL,224.78494698660714,223.17534790039062,0.014899377861589461,0.027518758861654717
2024-10-11,AAPL,224.89412798200334,223.10123647054036,0.01470776599651787,0.027518758861654717
2024-10-14,AAPL,225.6924285888672,223.17733306884764,0.015004158627015358,0.027518758861654717
2024-10-15,AAPL,226.69208199637276,223.5439188639323,0.014175660665952893,0.025415324986147153
2024-10-16,AAPL,228.12278529575892,223.9055414835612,0.014181584049061485,0.025415324986147153
