Date,ticker,Close,av_close,pct_diff,match
2026-03-16,AAPL,252.58729553222656,252.82,0.09204353602303247,True
2026-03-17,AAPL,253.99598693847656,254.23,0.09204777623546681,True
2026-03-18,AAPL,249.70994567871094,249.94,0.09204381903219182,True
2026-03-19,AAPL,248.73085021972656,248.96,0.09204281019980938,True
2026-03-20,AAPL,247.76173400878906,247.99,0.0920464499419116,True
2026-03-23,AAPL,251.25851440429688,251.49,0.09204564622972448,True
2026-03-24,AAPL,251.4083709716797,251.64,0.09204777790506234,True
2026-03-25,AAPL,252.38746643066406,252.62,0.09204875676349539,True
2026-03-26,AAPL,252.6572265625,252.89,0.09204533097393586,True
2026-03-27,AAPL,248.57098388671875,248.8,0.09204827704230761,True
2026-03-30,AAPL,246.40298461914062,246.63,0.09204694516456653,True
2026-03-31,AAPL,253.55638122558594,253.79,0.09205200142403347,True
2026-04-01,AAPL,255.3946990966797,255.63,0.09204745269346633,True
2026-04-02,AAPL,255.68443298339844,255.92,0.09204713058828931,True
2026-04-06,AAPL,258.6217041015625,258.86,0.09205589833790992,True
2026-04-07,AAPL,253.26666259765625,253.5,0.09204631256163708,True
2026-04-08,AAPL,258.66168212890625,258.9,0.09205016264724886,True
2026-04-09,AAPL,260.2502136230469,260.49,0.09205204689359825,True
2026-04-10,AAPL,260.240234375,260.48,0.09204761402027725,True
2026-04-13,AAPL,258.96142578125,259.2,0.09204252266589068,True
2026-04-14,AAPL,258.59173583984375,258.83,0.09205430597544106,True
2026-04-15,AAPL,266.18475341796875,266.43,0.09204916189290126,True
2026-04-16,AAPL,263.15753173828125,263.4,0.0920532504626907,True
2026-04-17,AAPL,269.98126220703125,270.23,0.09204669835649934,True
2026-04-20,AAPL,272.79864501953125,273.05,0.09205456160731051,True
2026-04-21,AAPL,265.9250183105469,266.17,0.09203955722025055,True
2026-04-22,AAPL,272.9185791015625,273.17,0.09203825399477099,True
2026-04-23,AAPL,273.1783142089844,273.43,0.09204761402027276,True
2026-04-24,AAPL,270.81048583984375,271.06,0.09205126546013881,True
2026-04-27,AAPL,267.3636474609375,267.61,0.09205655209540511,True
2026-04-28,AAPL,270.4608154296875,270.71,0.09204852806046307,True
2026-04-29,AAPL,269.92132568359375,270.17,0.09204364526271085,True
2026-04-30,AAPL,271.1002502441406,271.35,0.09203971102244249,True
2026-05-01,AAPL,279.88214111328125,280.14,0.09204643632424372,True
2026-05-04,AAPL,276.5751647949219,276.83,0.09205476468522526,True
2026-05-05,AAPL,283.9184265136719,284.18,0.09204500187491442,True
2026-05-06,AAPL,287.245361328125,287.51,0.09204503212931409,True
2026-05-07,AAPL,287.1754150390625,287.44,0.09204876180681107,True
2026-05-08,AAPL,293.0500183105469,293.32,0.09204339610429503,True
2026-05-11,AAPL,292.67999267578125,292.68,2.5024664332449127e-06,True
2026-05-12,AAPL,294.79998779296875,294.8,4.14078400996224e-06,True
2026-05-13,AAPL,298.8699951171875,298.87,1.6337579899446161e-06,True
2026-05-14,AAPL,298.2099914550781,298.21,2.8654041965515477e-06,True
2026-05-15,AAPL,300.2300109863281,300.23,3.6593039026113666e-06,True
2026-05-18,AAPL,297.8399963378906,297.84,1.2295559192817942e-06,True
2026-05-19,AAPL,298.9700012207031,298.97,4.0830287243374213e-07,True
2026-05-20,AAPL,302.25,302.25,0.0,True
2026-05-21,AAPL,304.989990234375,304.99,3.201949247219564e-06,True
2026-05-22,AAPL,308.82000732421875,308.82,2.371678892824691e-06,True
2026-05-26,AAPL,308.3299865722656,308.33,4.354987954167237e-06,True
2026-05-27,AAPL,310.8500061035156,310.85,1.963492231707458e-06,True
2026-05-28,AAPL,312.510009765625,312.51,3.1249000061101877e-06,True
2026-05-29,AAPL,312.05999755859375,312.06,7.823515517124068e-07,True
2026-06-01,AAPL,306.30999755859375,306.31,7.97037723963872e-07,True
2026-06-02,AAPL,315.20001220703125,315.2,3.872789105764176e-06,True
2026-06-03,AAPL,310.260009765625,310.26,3.1475617253577474e-06,True
2026-06-04,AAPL,311.2300109863281,311.23,3.5299707954921136e-06,True
2026-06-05,AAPL,307.3399963378906,307.34,1.1915498633399155e-06,True
2026-06-08,AAPL,301.5400085449219,301.54,2.8337606468582507e-06,True
2026-06-09,AAPL,290.54998779296875,290.55,4.201353041255785e-06,True
2026-06-10,AAPL,291.5799865722656,291.58,4.605163028700132e-06,True
2026-06-11,AAPL,295.6300048828125,295.63,1.651663398351816e-06,True
2026-06-12,AAPL,291.1300048828125,291.13,1.6771931798672323e-06,True
2026-06-15,AAPL,296.4200134277344,296.42,4.529969084098186e-06,True
2026-06-16,AAPL,299.239990234375,299.24,3.2634758084129617e-06,True
2026-06-17,AAPL,295.95001220703125,295.95,4.12469378657499e-06,True
2026-06-18,AAPL,298.010009765625,298.01,3.2769454075685205e-06,True
2026-06-22,AAPL,297.010009765625,297.01,3.2879785223039454e-06,True
2026-06-23,AAPL,294.29998779296875,294.3,4.147818981097072e-06,True
2026-06-24,AAPL,293.0799865722656,293.08,4.581593544112134e-06,True
2026-06-25,AAPL,275.1499938964844,275.15,2.2182502643149675e-06,True
2026-06-26,AAPL,283.7799987792969,283.78,4.301582555906544e-07,True
2026-06-29,AAPL,281.739990234375,281.74,3.4661833637733185e-06,True
2026-06-30,AAPL,289.3599853515625,289.36,5.062357448729064e-06,True
2026-07-01,AAPL,294.3800048828125,294.38,1.658676711919109e-06,True
2026-07-02,AAPL,308.6300048828125,308.63,1.582092636667684e-06,True
2026-07-06,AAPL,312.6600036621094,312.66,1.1712752990433363e-06,True
2026-07-07,AAPL,310.6600036621094,310.66,1.1788158597788242e-06,True
2026-07-08,AAPL,313.3900146484375,313.39,4.674187917177454e-06,True
2026-07-09,AAPL,316.2200012207031,316.22,3.8602969379392787e-07,True
2026-07-10,AAPL,315.32000732421875,315.32,2.3227891528673127e-06,True
2026-07-13,AAPL,317.30999755859375,317.31,7.694072838151136e-07,True
2026-07-14,AAPL,314.8599853515625,314.86,4.652365341308016e-06,True
2026-07-15,AAPL,327.5,327.5,0.0,True
2026-07-16,AAPL,333.260009765625,333.26,2.930332175807162e-06,True
2026-07-17,AAPL,333.739990234375,333.74,2.9261176392086496e-06,True
2026-07-20,AAPL,326.5899963378906,326.59,1.1213170488958313e-06,True
2026-07-21,AAPL,327.739990234375,327.74,2.9796866446252965e-06,True
2026-07-22,AAPL,325.8900146484375,325.89,4.494902425248526e-06,True
2026-07-23,AAPL,321.6600036621094,321.66,1.1385031865910885e-06,True
2026-07-24,AAPL,333.0199890136719,333.02,3.298999491565103e-06,True
2026-07-27,AAPL,336.9100036621094,336.91,1.0869696209637277e-06,True
2026-07-28,AAPL,340.0799865722656,340.08,3.948404598648507e-06,True
2026-07-29,AAPL,338.19000244140625,338.19,7.219037382163094e-07,True
2026-07-30,AAPL,333.42999267578125,333.43,2.196628604750985e-06,True
2026-07-31,AAPL,308.9100036621094,308.91,1.1854939464533022e-06,True
2026-08-03,AAPL,303.4200134277344,303.42,4.425461195400383e-06,True
2026-08-04,AAPL,309.3800048828125,309.38,1.5782573225636672e-06,True
2026-08-05,AAPL,311.0,311.0,0.0,True
2026-08-06,AAPL,312.4100036621094,312.41,1.1722125892221424e-06,True
2026-03-16,MSFT,399.08563232421875,399.95,0.21611893381203615,True
2026-03-17,MSFT,398.5467834472656,399.41,0.21612291948984752,True
2026-03-18,MSFT,390.9432678222656,391.79,0.21611888453875683,True
2026-03-19,MSFT,388.1792297363281,389.02,0.21612520273298466,True
2026-03-20,MSFT,381.0447082519531,381.87,0.21611850840518487,True
2026-03-23,MSFT,382.1722717285156,383.0,0.21611704216302222,True
2026-03-24,MSFT,371.9344177246094,372.74,0.2161244501235805,True
2026-03-25,MSFT,370.2381286621094,371.04,0.21611452616716403,True
2026-03-26,MSFT,365.1790771484375,365.97,0.21611685426743377,True
2026-03-27,MSFT,355.9989318847656,356.77,0.21612470645916326,True
2026-03-30,MSFT,358.1842041015625,358.96,0.21612321663624906,True
2026-03-31,MSFT,369.3699951171875,370.17,0.21611823832631386,True
2026-04-01,MSFT,368.57171630859375,369.37,0.21612033771184844,True
2026-04-02,MSFT,372.6528625488281,373.46,0.21612420370905977,True
2026-04-06,MSFT,372.0741271972656,372.88,0.2161212193559243,True
2026-04-07,MSFT,371.48541259765625,372.29,0.21611845667188762,True
2026-04-08,MSFT,373.52099609375,374.33,0.21612051031175278,True
2026-04-09,MSFT,372.26373291015625,373.07,0.21611683862110143,True
2026-04-10,MSFT,370.0684814453125,370.87,0.21611846595505288,True
2026-04-13,MSFT,383.539306640625,384.37,0.21611815682155336,True
2026-04-14,MSFT,392.2604064941406,393.11,0.21612106175355209,True
2026-04-15,MSFT,410.3312683105469,411.22,0.21612073572616902,True
2026-04-16,MSFT,419.35174560546875,420.26,0.21611725944206944,True
2026-04-17,MSFT,421.87628173828125,422.79,0.21611633712215766,True
2026-04-20,MSFT,417.1664733886719,418.07,0.21611849961205498,True
2026-04-21,MSFT,423.2433166503906,424.16,0.21611734949297431,True
2026-04-22,MSFT,431.984375,432.92,0.21611960639379468,True
2026-04-23,MSFT,414.8514709472656,415.75,0.21612244202871317,True
2026-04-24,MSFT,423.7023010253906,424.62,0.21612240935645508,True
2026-04-27,MSFT,423.9018859863281,424.82,0.21611835922787725,True
2026-04-28,MSFT,428.3222961425781,429.25,0.21612204016817124,True
2026-04-29,MSFT,423.5426330566406,424.46,0.21612565220735866,True
2026-04-30,MSFT,406.8987121582031,407.78,0.21611845647085381,True
2026-05-01,MSFT,413.5443115234375,414.44,0.216120180620234,True
2026-05-04,MSFT,412.72607421875,413.62,0.21612247503747511,True
2026-05-05,MSFT,410.4909362792969,411.38,0.21611739041837727,True
2026-05-06,MSFT,413.0653381347656,413.96,0.21612278124320092,True
2026-05-07,MSFT,419.8606262207031,420.77,0.21612134403518712,True
2026-05-08,MSFT,414.22283935546875,415.12,0.2161207950788337,True
2026-05-11,MSFT,411.7681579589844,412.66,0.2161203026742718,True
2026-05-12,MSFT,406.8887023925781,407.77,0.21612615136519528,True
2026-05-13,MSFT,404.3342590332031,405.21,0.21612027511582999,True
2026-05-14,MSFT,408.5451354980469,409.43,0.21612107123394278,True
2026-05-15,MSFT,421.0081481933594,421.92,0.2161195977058781,True
2026-05-18,MSFT,422.6246643066406,423.54,0.2161155247106284,True
2026-05-19,MSFT,416.51788330078125,417.42,0.21611726779233528,True
2026-05-20,MSFT,420.1499938964844,421.06,0.21612266743828132,True
2026-05-21,MSFT,419.0899963378906,419.09,8.738240831298519e-07,True
2026-05-22,MSFT,418.57000732421875,418.57,1.7498193269515756e-06,True
2026-05-26,MSFT,416.0299987792969,416.03,2.934170847571471e-07,True
2026-05-27,MSFT,412.6700134277344,412.67,3.253867341721919e-06,True
2026-05-28,MSFT,426.989990234375,426.99,2.2870851797688347e-06,True
2026-05-29,MSFT,450.239990234375,450.24,2.1689821004564116e-06,True
2026-06-01,MSFT,460.5199890136719,460.52,2.3856353919069976e-06,True
2026-06-02,MSFT,441.30999755859375,441.31,5.532179765411473e-07,True
2026-06-03,MSFT,427.3399963378906,427.34,8.569544975871428e-07,True
2026-06-04,MSFT,428.04998779296875,428.05,2.851776956282837e-06,True
2026-06-05,MSFT,416.6700134277344,416.67,3.2226304651364013e-06,True
2026-06-08,MSFT,411.739990234375,411.74,2.3717940955687925e-06,True
2026-06-09,MSFT,403.4100036621094,403.41,9.077884410373802e-07,True
2026-06-10,MSFT,397.3599853515625,397.36,3.6864398816293583e-06,True
2026-06-11,MSFT,390.3399963378906,390.34,9.381844930032525e-07,True
2026-06-12,MSFT,390.739990234375,390.74,2.4992642189422496e-06,True
2026-06-15,MSFT,399.760009765625,399.76,2.4428719754590123e-06,True
2026-06-16,MSFT,393.8299865722656,393.83,3.4095255209313262e-06,True
2026-06-17,MSFT,378.9100036621094,378.91,9.664852735448775e-07,True
2026-06-18,MSFT,379.3999938964844,379.4,1.608728413880504e-06,True
2026-06-22,MSFT,367.3399963378906,367.34,9.969263761063036e-07,True
2026-06-23,MSFT,373.94000244140625,373.94,6.528871616499269e-07,True
2026-06-24,MSFT,365.4599914550781,365.46,2.33812779908509e-06,True
2026-06-25,MSFT,352.8299865722656,352.83,3.805723537988222e-06,True
2026-06-26,MSFT,372.9700012207031,372.97,3.272925698354181e-07,True
2026-06-29,MSFT,368.57000732421875,368.57,1.9871988378927233e-06,True
2026-06-30,MSFT,373.0199890136719,373.02,2.945238353656669e-06,True
2026-07-01,MSFT,384.2799987792969,384.28,3.176598047556883e-07,True
2026-07-02,MSFT,390.489990234375,390.49,2.5008643010307427e-06,True
2026-07-06,MSFT,386.739990234375,386.74,2.525113773877785e-06,True
2026-07-07,MSFT,388.8399963378906,388.84,9.418036596000658e-07,True
2026-07-08,MSFT,383.3399963378906,383.34,9.553162597143255e-07,True
2026-07-09,MSFT,384.3599853515625,384.36,3.8111243401088615e-06,True
2026-07-10,MSFT,385.1000061035156,385.1,1.5849170610913093e-06,True
2026-07-13,MSFT,390.989990234375,390.99,2.4976661830468673e-06,True
2026-07-14,MSFT,384.92999267578125,384.93,1.9027404350976047e-06,True
2026-07-15,MSFT,395.6300048828125,395.63,1.2341866149047022e-06,True
2026-07-16,MSFT,401.1000061035156,401.1,1.521694241401803e-06,True
2026-07-17,MSFT,393.82000732421875,393.82,1.859788420298921e-06,True
2026-07-20,MSFT,402.2900085449219,402.29,2.1240701619568887e-06,True
2026-07-21,MSFT,397.75,397.75,0.0,True
2026-07-22,MSFT,390.3399963378906,390.34,9.381844930032525e-07,True
2026-07-23,MSFT,381.5799865722656,381.58,3.5189827451868136e-06,True
2026-07-24,MSFT,381.70001220703125,381.7,3.1980694947258797e-06,True
2026-07-27,MSFT,389.1000061035156,389.1,1.568623901892221e-06,True
2026-07-28,MSFT,393.3500061035156,393.35,1.5516755058504212e-06,True
2026-07-29,MSFT,390.5400085449219,390.54,2.187976098360314e-06,True
2026-07-30,MSFT,451.1000061035156,451.1,1.353029395314261e-06,True
2026-07-31,MSFT,464.7200012207031,464.72,2.626749650790065e-07,True
2026-08-03,MSFT,487.6499938964844,487.65,1.2516180872065277e-06,True
2026-08-04,MSFT,492.80999755859375,492.81,4.954051768985485e-07,True
2026-08-05,MSFT,487.4599914550781,487.46,1.7529483146384052e-06,True
2026-08-06,MSFT,499.8599853515625,499.86,2.9305080449810786e-06,True
2026-03-16,GOOGL,305.3775939941406,305.56,0.0596956427082659,True
2026-03-17,GOOGL,310.7344055175781,310.92,0.05969203731567314,True
2026-03-18,GOOGL,307.5063171386719,307.69,0.05969737766197235,True
2026-03-19,GOOGL,306.9466552734375,307.13,0.05969613081186971,True
2026-03-20,GOOGL,300.8203125,301.0,0.0596968438538206,True
2026-03-23,GOOGL,301.87969970703125,302.06,0.059690224779432,True
2026-03-24,GOOGL,290.2666320800781,290.44,0.059691474976543424,True
2026-03-25,GOOGL,290.7563171386719,290.93,0.05969919270206985,True
2026-03-26,GOOGL,280.7523193359375,280.92,0.059689827731210274,True
2026-03-27,GOOGL,274.1762390136719,274.34,0.05969271208285339,True
2026-03-30,GOOGL,273.33673095703125,273.5,0.05969617658820841,True
2026-03-31,GOOGL,287.3883361816406,287.56,0.05969669577110074,True
2026-04-01,GOOGL,297.2124938964844,297.39,0.0596879866557757,True
2026-04-02,GOOGL,295.59344482421875,295.77,0.05969340223188011,True
2026-04-06,GOOGL,299.8109130859375,299.99,0.05969762794176775,True
2026-04-07,GOOGL,305.27764892578125,305.46,0.05969720232394734,True
2026-04-08,GOOGL,317.1305847167969,317.32,0.0596921981605692,True
2026-04-09,GOOGL,318.29986572265625,318.49,0.05969866474418634,True
2026-04-10,GOOGL,317.0506286621094,317.24,0.05969339865421577,True
2026-04-13,GOOGL,321.1181945800781,321.31,0.059694818064136596,True
2026-04-14,GOOGL,332.7112731933594,332.91,0.05969385318574089,True
2026-04-15,GOOGL,336.91876220703125,337.12,0.059693222878724056,True
2026-04-16,GOOGL,335.81939697265625,336.02,0.059699728392277794,True
2026-04-17,GOOGL,341.4760437011719,341.68,0.059692197034690885,True
2026-04-20,GOOGL,337.2185974121094,337.42,0.05968898935766727,True
2026-04-21,GOOGL,332.0916442871094,332.29,0.05969355469338393,True
2026-04-22,GOOGL,339.1174621582031,339.32,0.05968933213393498,True
2026-04-23,GOOGL,338.6877136230469,338.89,0.05969086634397927,True
2026-04-24,GOOGL,344.19439697265625,344.4,0.05969890457134938,True
2026-04-27,GOOGL,350.130859375,350.34,0.05969647342580779,True
2026-04-28,GOOGL,349.5711975097656,349.78,0.05969537716117209,True
2026-04-29,GOOGL,349.7311096191406,349.94,0.05969319907966301,True
2026-04-30,GOOGL,384.5702819824219,384.8,0.05969802951614771,True
2026-05-01,GOOGL,385.45977783203125,385.69,0.0596909870540454,True
2026-05-04,GOOGL,383.0212097167969,383.25,0.05969739940068493,True
2026-05-05,GOOGL,388.1981201171875,388.43,0.05969669768362557,True
2026-05-06,GOOGL,397.8023986816406,398.04,0.059692824429553676,True
2026-05-07,GOOGL,397.7524108886719,397.99,0.059697256546178065,True
2026-05-08,GOOGL,400.56072998046875,400.8,0.05969810866548437,True
2026-05-11,GOOGL,388.40802001953125,388.64,0.059690196703565346,True
2026-05-12,GOOGL,387.1187744140625,387.35,0.0596942263940939,True
2026-05-13,GOOGL,402.3796691894531,402.62,0.059691721858546404,True
2026-05-14,GOOGL,400.8305969238281,401.07,0.059691095362871364,True
2026-05-15,GOOGL,396.54315185546875,396.78,0.05969256125087523,True
2026-05-18,GOOGL,396.70306396484375,396.94,0.059690642201906514,True
2026-05-19,GOOGL,387.4285888671875,387.66,0.05969435402479621,True
2026-05-20,GOOGL,388.6778564453125,388.91,0.05969081656103597,True
2026-05-21,GOOGL,387.4285888671875,387.66,0.05969435402479621,True
2026-05-22,GOOGL,382.74139404296875,382.97,0.059692915119011224,True
2026-05-26,GOOGL,388.6478576660156,388.88,0.05969510748415204,True
2026-05-27,GOOGL,388.5978698730469,388.83,0.0596996443055086,True
2026-05-28,GOOGL,389.8971252441406,390.13,0.05969157866848754,True
2026-05-29,GOOGL,380.1129455566406,380.34,0.05969775552383394,True
2026-06-01,GOOGL,376.14532470703125,376.37,0.05969532453935078,True
2026-06-02,GOOGL,361.6340026855469,361.85,0.059692500885214245,True
2026-06-03,GOOGL,358.77569580078125,358.99,0.05969642586667013,True
2026-06-04,GOOGL,371.96783447265625,372.19,0.05969142839510672,True
2026-06-05,GOOGL,368.30999755859375,368.53,0.05969729503872758,True
2026-06-08,GOOGL,363.30999755859375,363.31,6.719898302479251e-07,True
2026-06-09,GOOGL,364.260009765625,364.26,2.6809490498805653e-06,True
2026-06-10,GOOGL,356.3800048828125,356.38,1.370114064915953e-06,True
2026-06-11,GOOGL,357.7699890136719,357.77,3.0707795809626592e-06,True
2026-06-12,GOOGL,359.67999267578125,359.68,2.036315268244331e-06,True
2026-06-15,GOOGL,369.3500061035156,369.35,1.6525018552220473e-06,True
2026-06-16,GOOGL,373.25,373.25,0.0,True
2026-06-17,GOOGL,363.7900085449219,363.79,2.348861116175917e-06,True
2026-06-18,GOOGL,368.0299987792969,368.03,3.316857586922694e-07,True
2026-06-22,GOOGL,349.67999267578125,349.68,2.0945489467001857e-06,True
2026-06-23,GOOGL,346.1300048828125,346.13,1.4106874597831663e-06,True
2026-06-24,GOOGL,345.2900085449219,345.29,2.4747087533772677e-06,True
2026-06-25,GOOGL,343.7099914550781,343.71,2.486084738452873e-06,True
2026-06-26,GOOGL,337.3900146484375,337.39,4.341692852082877e-06,True
2026-06-29,GOOGL,353.6499938964844,353.65,1.7258633118231679e-06,True
2026-06-30,GOOGL,357.3699951171875,357.37,1.3663185226928598e-06,True
2026-07-01,GOOGL,361.2099914550781,361.21,2.3656382310944795e-06,True
2026-07-02,GOOGL,359.9100036621094,359.91,1.0175069739626284e-06,True
2026-07-06,GOOGL,366.4599914550781,366.46,2.331747490731968e-06,True
2026-07-07,GOOGL,367.0299987792969,367.03,3.325894607294115e-07,True
2026-07-08,GOOGL,361.9200134277344,361.92,3.710138803902476e-06,True
2026-07-09,GOOGL,358.8900146484375,358.89,4.081595339419438e-06,True
2026-07-10,GOOGL,357.17999267578125,357.18,2.0505679928386836e-06,True
2026-07-13,GOOGL,352.510009765625,352.51,2.770311483105429e-06,True
2026-07-14,GOOGL,359.510009765625,359.51,2.716370896246265e-06,True
2026-07-15,GOOGL,370.9200134277344,370.92,3.620116024771876e-06,True
2026-07-16,GOOGL,354.4599914550781,354.46,2.4106872015280625e-06,True
2026-07-17,GOOGL,346.7699890136719,346.77,3.1681887437812112e-06,True
2026-07-20,GOOGL,351.989990234375,351.99,2.7744041049731377e-06,True
2026-07-21,GOOGL,347.1499938964844,347.15,1.7581781945160979e-06,True
2026-07-22,GOOGL,342.0899963378906,342.09,1.0705104943111157e-06,True
2026-07-23,GOOGL,317.69000244140625,317.69,7.684869691440514e-07,True
2026-07-24,GOOGL,319.739990234375,319.74,3.054239384842355e-06,True
2026-07-27,GOOGL,326.55999755859375,326.56,7.476133795546719e-07,True
2026-07-28,GOOGL,333.7099914550781,333.71,2.56058309746078e-06,True
2026-07-29,GOOGL,336.7099914550781,336.71,2.537768956828241e-06,True
2026-07-30,GOOGL,333.6600036621094,333.66,1.0975571989417057e-06,True
2026-07-31,GOOGL,356.1300048828125,356.13,1.3710758724475538e-06,True
2026-08-03,GOOGL,373.510009765625,373.51,2.614555168294007e-06,True
2026-08-04,GOOGL,377.6499938964844,377.65,1.6161831331292553e-06,True
2026-08-05,GOOGL,362.42999267578125,362.43,2.0208643756921916e-06,True
2026-08-06,GOOGL,357.75,357.75,0.0,True
2026-03-16,AMZN,211.74000549316406,211.74,2.5942968042906646e-06,True
2026-03-17,AMZN,215.1999969482422,215.2,1.4181030674402028e-06,True
2026-03-18,AMZN,209.8699951171875,209.87,2.326589081120443e-06,True
2026-03-19,AMZN,208.75999450683594,208.76,2.631329782240397e-06,True
2026-03-20,AMZN,205.3699951171875,205.37,2.3775685370538412e-06,True
2026-03-23,AMZN,210.13999938964844,210.14,2.904499613864945e-07,True
2026-03-24,AMZN,207.24000549316406,207.24,2.650629247927549e-06,True
2026-03-25,AMZN,211.7100067138672,211.71,3.171256520495924e-06,True
2026-03-26,AMZN,207.5399932861328,207.54,3.2349750310985456e-06,True
2026-03-27,AMZN,199.33999633789062,199.34,1.8371171758857255e-06,True
2026-03-30,AMZN,200.9499969482422,200.95,1.5186652406724642e-06,True
2026-03-31,AMZN,208.27000427246094,208.27,2.0514048721698685e-06,True
2026-04-01,AMZN,210.57000732421875,210.57,3.478282165940642e-06,True
2026-04-02,AMZN,209.77000427246094,209.77,2.036735914224238e-06,True
2026-04-06,AMZN,212.7899932861328,212.79,3.155161041187049e-06,True
2026-04-07,AMZN,213.77000427246094,213.77,1.9986251238565676e-06,True
2026-04-08,AMZN,221.25,221.25,0.0,True
2026-04-09,AMZN,233.64999389648438,233.65,2.6122472204940476e-06,True
2026-04-10,AMZN,238.3800048828125,238.38,2.0483314474987302e-06,True
2026-04-13,AMZN,239.88999938964844,239.89,2.5442975899686503e-07,True
2026-04-14,AMZN,249.02000427246094,249.02,1.7157099539266663e-06,True
2026-04-15,AMZN,248.5,248.5,0.0,True
2026-04-16,AMZN,249.6999969482422,249.7,1.2221697241214724e-06,True
2026-04-17,AMZN,250.55999755859375,250.56,9.743798899559933e-07,True
2026-04-20,AMZN,248.27999877929688,248.28,4.91663898073493e-07,True
2026-04-21,AMZN,249.91000366210938,249.91,1.465371285026852e-06,True
2026-04-22,AMZN,255.36000061035156,255.36,2.3901611405763606e-07,True
2026-04-23,AMZN,255.0800018310547,255.08,7.178354535810129e-07,True
2026-04-24,AMZN,263.989990234375,263.99,3.6992405049793353e-06,True
2026-04-27,AMZN,261.1199951171875,261.12,1.869949641753781e-06,True
2026-04-28,AMZN,259.70001220703125,259.7,4.700435603145432e-06,True
2026-04-29,AMZN,263.0400085449219,263.04,3.248525644212427e-06,True
2026-04-30,AMZN,265.05999755859375,265.06,9.210768325185757e-07,True
2026-05-01,AMZN,268.260009765625,268.26,3.64035823793892e-06,True
2026-05-04,AMZN,272.04998779296875,272.05,4.487054314048404e-06,True
2026-05-05,AMZN,273.54998779296875,273.55,4.462449739122166e-06,True
2026-05-06,AMZN,274.989990234375,274.99,3.5512655038710308e-06,True
2026-05-07,AMZN,271.1700134277344,271.17,4.95177724640773e-06,True
2026-05-08,AMZN,272.67999267578125,272.68,2.6860124529929624e-06,True
2026-05-11,AMZN,268.989990234375,268.99,3.630478831590374e-06,True
2026-05-12,AMZN,265.82000732421875,265.82,2.7553302072158643e-06,True
2026-05-13,AMZN,270.1300048828125,270.13,1.807578760059036e-06,True
2026-05-14,AMZN,267.2200012207031,267.22,4.5681576892267e-07,True
2026-05-15,AMZN,264.1400146484375,264.14,5.5457096667079665e-06,True
2026-05-18,AMZN,264.8599853515625,264.86,5.530634113736472e-06,True
2026-05-19,AMZN,259.3399963378906,259.34,1.4120881275502798e-06,True
2026-05-20,AMZN,265.010009765625,265.01,3.685002456169559e-06,True
2026-05-21,AMZN,268.4599914550781,268.46,3.1829404211191124e-06,True
2026-05-22,AMZN,266.32000732421875,266.32,2.7501572382176367e-06,True
2026-05-26,AMZN,265.2900085449219,265.29,3.220973973589796e-06,True
2026-05-27,AMZN,271.8500061035156,271.85,2.2451777091273248e-06,True
2026-05-28,AMZN,274.0,274.0,0.0,True
2026-05-29,AMZN,270.6400146484375,270.64,5.4125175560310455e-06,True
2026-06-01,AMZN,261.260009765625,261.26,3.7378952036649114e-06,True
2026-06-02,AMZN,256.5199890136719,256.52,4.2828349083151825e-06,True
2026-06-03,AMZN,250.02000427246094,250.02,1.7088476630942263e-06,True
2026-06-04,AMZN,253.7899932861328,253.79,2.6454419715283982e-06,True
2026-06-05,AMZN,246.02999877929688,246.03,4.961602756317801e-07,True
2026-06-08,AMZN,245.22000122070312,245.22,4.977991705965534e-07,True
2026-06-09,AMZN,244.19000244140625,244.19,9.997978018238817e-07,True
2026-06-10,AMZN,238.0,238.0,0.0,True
2026-06-11,AMZN,241.50999450683594,241.51,2.2745079099851156e-06,True
2026-06-12,AMZN,238.5500030517578,238.55,1.2792948233625302e-06,True
2026-06-15,AMZN,246.02000427246094,246.02,1.736631545105351e-06,True
2026-06-16,AMZN,246.0,246.0,0.0,True
2026-06-17,AMZN,237.5,237.5,0.0,True
2026-06-18,AMZN,244.38999938964844,244.39,2.497448949865295e-07,True
2026-06-22,AMZN,232.7899932861328,232.79,2.884087452013369e-06,True
2026-06-23,AMZN,234.11000061035156,234.11,2.607114385791207e-07,True
2026-06-24,AMZN,234.27000427246094,234.27,1.8237336949964505e-06,True
2026-06-25,AMZN,227.00999450683594,227.01,2.4197894601141152e-06,True
2026-06-26,AMZN,232.69000244140625,232.69,1.049209786528745e-06,True
2026-06-29,AMZN,240.13999938964844,240.14,2.541648825091944e-07,True
2026-06-30,AMZN,238.33999633789062,238.34,1.536506410342622e-06,True
2026-07-01,AMZN,241.6999969482422,241.7,1.262622176719618e-06,True
2026-07-02,AMZN,242.6699981689453,242.67,7.545451333063205e-07,True
2026-07-06,AMZN,244.16000366210938,244.16,1.4998809708431377e-06,True
2026-07-07,AMZN,245.97999572753906,245.98,1.7369139471778944e-06,True
2026-07-08,AMZN,243.6199951171875,243.62,2.0042740762447557e-06,True
2026-07-09,AMZN,247.0399932861328,247.04,2.717724732651361e-06,True
2026-07-10,AMZN,245.33999633789062,245.34,1.4926670654645004e-06,True
2026-07-13,AMZN,247.30999755859375,247.31,9.871846072838691e-07,True
2026-07-14,AMZN,247.49000549316406,247.49,2.2195499023819357e-06,True
2026-07-15,AMZN,254.9600067138672,254.96,2.633302157021463e-06,True
2026-07-16,AMZN,249.88999938964844,249.89,2.442480887020607e-07,True
2026-07-17,AMZN,247.22999572753906,247.23,1.7281320742904117e-06,True
2026-07-20,AMZN,249.99000549316406,249.99,2.197353515502641e-06,True
2026-07-21,AMZN,247.5500030517578,247.55,1.2327844076474717e-06,True
2026-07-22,AMZN,244.85000610351562,244.85,2.492757047451232e-06,True
2026-07-23,AMZN,233.66000366210938,233.66,1.5672812541344713e-06,True
2026-07-24,AMZN,232.11000061035156,232.11,2.629578858548014e-07,True
2026-07-27,AMZN,231.38999938964844,231.39,2.637761134265005e-07,True
2026-07-28,AMZN,230.86000061035156,230.86,2.643816810437405e-07,True
2026-07-29,AMZN,226.64999389648438,226.65,2.692925493352897e-06,True
2026-07-30,AMZN,235.5,235.5,0.0,True
2026-07-31,AMZN,271.5799865722656,271.58,4.944301627175728e-06,True
2026-08-03,AMZN,284.0199890136719,284.02,3.868152984582109e-06,True
2026-08-04,AMZN,277.4200134277344,277.42,4.84021857078936e-06,True
2026-08-05,AMZN,272.6499938964844,272.65,2.238589987992897e-06,True
2026-08-06,AMZN,272.260009765625,272.26,3.586874681956566e-06,True
2026-03-16,NVDA,183.0067138671875,183.22,0.11640985307963042,True
2026-03-17,NVDA,181.71820068359375,181.93,0.11641802693687507,True
2026-03-18,NVDA,180.1899871826172,180.4,0.11641508724103003,True
2026-03-19,NVDA,178.3521270751953,178.56,0.11641628853309238,True
2026-03-20,NVDA,172.4989471435547,172.7,0.11641740384788718,True
2026-03-23,NVDA,175.43553161621094,175.64,0.11641333624974315,True
2026-03-24,NVDA,174.99603271484375,175.2,0.11641968330835539,True
2026-03-25,NVDA,178.47198486328125,178.68,0.11641769460418447,True
2026-03-26,NVDA,171.04066467285156,171.24,0.1164069885239702,True
2026-03-27,NVDA,167.32498168945312,167.52,0.11641494182598211,True
2026-03-30,NVDA,164.97772216796875,165.17,0.1164120796943982,True
2026-03-31,NVDA,174.1969757080078,174.4,0.11641301146341353,True
2026-04-01,NVDA,175.54541015625,175.75,0.11640958392603129,True
2026-04-02,NVDA,177.18348693847656,177.39,0.11641753285045599,True
2026-04-06,NVDA,177.43319702148438,177.64,0.11641689851137771,True
2026-04-07,NVDA,177.89266967773438,178.1,0.11641230896441288,True
2026-04-08,NVDA,181.8680419921875,182.08,0.11640927494096687,True
2026-04-09,NVDA,183.69590759277344,183.91,0.11641150955715247,True
2026-04-10,NVDA,188.41041564941406,188.63,0.11641008884373269,True
2026-04-13,NVDA,189.08961486816406,189.31,0.11641494471287293,True
2026-04-14,NVDA,196.28123474121094,196.51,0.1164140546481367,True
2026-04-15,NVDA,198.63848876953125,198.87,0.11641335066563813,True
2026-04-16,NVDA,198.1190948486328,198.35,0.11641298279162178,True
2026-04-17,NVDA,201.44520568847656,201.68,0.11641923419448846,True
2026-04-20,NVDA,201.82476806640625,202.06,0.11641687300492541,True
2026-04-21,NVDA,199.64732360839844,199.88,0.11640804062515407,True
2026-04-22,NVDA,202.26426696777344,202.5,0.11641137393904322,True
2026-04-23,NVDA,199.4075927734375,199.64,0.11641315696377799,True
2026-04-24,NVDA,208.0275421142578,208.27,0.11641517536956725,True
2026-04-27,NVDA,216.3578338623047,216.61,0.11641481819644804,True
2026-04-28,NVDA,212.92184448242188,213.17,0.11641202682277643,True
2026-04-29,NVDA,209.00640869140625,209.25,0.11641161701015533,True
2026-04-30,NVDA,199.33767700195312,199.57,0.11641178435980767,True
2026-05-01,NVDA,198.21897888183594,198.45,0.11641275795618601,True
2026-05-04,NVDA,198.24893188476562,198.48,0.11641884080731801,True
2026-05-05,NVDA,196.271240234375,196.5,0.11641718352417302,True
2026-05-06,NVDA,207.5880584716797,207.83,0.11641318785561515,True
2026-05-07,NVDA,211.2537841796875,211.5,0.11641409943853429,True
2026-05-08,NVDA,214.94947814941406,215.2,0.11641349934290249,True
2026-05-11,NVDA,219.18453979492188,219.44,0.11641460311616968,True
2026-05-12,NVDA,220.52297973632812,220.78,0.11641464972908602,True
2026-05-13,NVDA,225.56710815429688,225.83,0.11641139162340587,True
2026-05-14,NVDA,235.465576171875,235.74,0.11640953089208836,True
2026-05-15,NVDA,225.05770874023438,225.32,0.11640833470868905,True
2026-05-18,NVDA,222.0612030029297,222.32,0.11640742941269597,True
2026-05-19,NVDA,220.35317993164062,220.61,0.11641361151325354,True
2026-05-20,NVDA,223.20985412597656,223.47,0.11641198998677066,True
2026-05-21,NVDA,219.25445556640625,219.51,0.11641585057343216,True
2026-05-22,NVDA,215.07933044433594,215.33,0.11641181241075327,True
2026-05-26,NVDA,214.60987854003906,214.86,0.11641136552217775,True
2026-05-27,NVDA,212.35250854492188,212.6,0.11641178507907776,True
2026-05-28,NVDA,214.00057983398438,214.25,0.11641548005396733,True
2026-05-29,NVDA,210.8942108154297,211.14,0.11641052598763801,True
2026-06-01,NVDA,224.09881591796875,224.36,0.11641294438904601,True
2026-06-02,NVDA,222.56060791015625,222.82,0.11641328868312681,True
2026-06-03,NVDA,214.5,214.75,0.11641443538998836,True
2026-06-04,NVDA,218.66000366210938,218.66,1.674796203425686e-06,True
2026-06-05,NVDA,205.10000610351562,205.1,2.975873052503336e-06,True
2026-06-08,NVDA,208.63999938964844,208.64,2.9253812732821106e-07,True
2026-06-09,NVDA,208.19000244140625,208.19,1.1726818061740414e-06,True
2026-06-10,NVDA,200.4199981689453,200.42,9.136087591031073e-07,True
2026-06-11,NVDA,204.8699951171875,204.87,2.383371164420107e-06,True
2026-06-12,NVDA,205.19000244140625,205.19,1.1898271125657864e-06,True
2026-06-15,NVDA,212.4499969482422,212.45,1.436459308604997e-06,True
2026-06-16,NVDA,207.41000366210938,207.41,1.7656378084039367e-06,True
2026-06-17,NVDA,204.64999389648438,204.65,2.9824166287243303e-06,True
2026-06-18,NVDA,210.69000244140625,210.69,1.1587670284653932e-06,True
2026-06-22,NVDA,208.64999389648438,208.65,2.9252411362014576e-06,True
2026-06-23,NVDA,200.0399932861328,200.04,3.3562623373035e-06,True
2026-06-24,NVDA,199.0,199.0,0.0,True
2026-06-25,NVDA,195.74000549316406,195.74,2.8063574401783247e-06,True
2026-06-26,NVDA,192.52999877929688,192.53,6.340326838086887e-07,True
2026-06-29,NVDA,194.97000122070312,194.97,6.260979259049435e-07,True
2026-06-30,NVDA,200.08999633789062,200.09,1.830231085216955e-06,True
2026-07-01,NVDA,197.5800018310547,197.58,9.26740902416463e-07,True
2026-07-02,NVDA,194.8300018310547,194.83,9.398217291969654e-07,True
2026-07-06,NVDA,195.5500030517578,195.55,1.5606023017802689e-06,True
2026-07-07,NVDA,196.92999267578125,196.93,3.7191990843554616e-06,True
2026-07-08,NVDA,204.1199951171875,204.12,2.3921284070877295e-06,True
2026-07-09,NVDA,202.77999877929688,202.78,6.019839856676538e-07,True
2026-07-10,NVDA,210.9600067138672,210.96,3.182530896635343e-06,True
2026-07-13,NVDA,203.52999877929688,203.53,5.997656984900842e-07,True
2026-07-14,NVDA,211.8000030517578,211.8,1.44086770591658e-06,True
2026-07-15,NVDA,212.5,212.5,0.0,True
2026-07-16,NVDA,207.39999389648438,207.4,2.942871567350213e-06,True
2026-07-17,NVDA,202.80999755859375,202.81,1.2037898783461056e-06,True
2026-07-20,NVDA,203.27999877929688,203.28,6.005033088040479e-07,True
2026-07-21,NVDA,207.2899932861328,207.29,3.238876539891901e-06,True
2026-07-22,NVDA,212.05999755859375,212.06,1.151280888556888e-06,True
2026-07-23,NVDA,208.75999450683594,208.76,2.631329782240397e-06,True
2026-07-24,NVDA,206.83999633789062,206.84,1.770503470513733e-06,True
2026-07-27,NVDA,196.50999450683594,196.51,2.7953610775049884e-06,True
2026-07-28,NVDA,197.00999450683594,197.01,2.788266612560303e-06,True
2026-07-29,NVDA,190.00999450683594,190.01,2.890986818275382e-06,True
2026-07-30,NVDA,195.0399932861328,195.04,3.442302696647827e-06,True
2026-07-31,NVDA,200.75,200.75,0.0,True
2026-08-03,NVDA,206.63999938964844,206.64,2.9536950680293243e-07,True
2026-08-04,NVDA,211.94000244140625,211.94,1.1519327414710469e-06,True
2026-08-05,NVDA,219.22000122070312,219.22,5.568393057827153e-07,True
2026-08-06,NVDA,218.99000549316406,218.99,2.5084086275195455e-06,True
